rid,Root.word,Rating
R0303,affect,Strong
R0303,appear,Moderate
R0303,decline,Weak
R0303,maintain,Moderate
R0303,enhance,Moderate
R0303,cause,Strong
R0303,associate,Weak
R0303,better,Strong
R0303,contribute,Strong
R0303,correlate,None
R0303,experience,Weak
R0303,marker,Weak
R0303,twice,Weak
R0303,protect,Strong
R0303,improve,Strong
R0303,consistent,None
R0303,risk factor,Strong
R0303,elevate,Moderate
R0303,due,Strong
R0303,indicate,Weak
R0303,lead,Strong
R0303,factor,Weak
R0303,determinant,Strong
R0303,likelihood,Weak
R0303,link,Weak
R0303,response,Moderate
R0303,worse,Strong
R0303,attribute,Strong
R0303,less,Weak
R0303,observe,None
R0303,encourage,Weak
R0303,occur,None
R0303,confer,Strong
R0303,reduce,Strong
R0303,alter,Strong
R0303,result,Moderate
R0303,impact,Strong
R0303,greater,Weak
R0303,change,Moderate
R0303,risk,Moderate
R0303,differ,Weak
R0303,effect,Strong
R0303,likely,Weak
R0303,explain,Strong
R0303,present,None
R0303,face,Weak
R0303,precede,Moderate
R0303,achieve,Strong
R0303,increase,Weak
R0303,reveal,Weak
R0303,relate,Weak
R0303,trend,Weak
R0303,demonstrate,Weak
R0303,prevent,Strong
R0303,decrease,Moderate
R0303,vary,Weak
R0303,lower,Strong
R0303,compare,Weak
R0303,role,Strong
R0303,excess,Strong
R0303,effective,Strong
R0303,produce,Strong
R0303,higher,Weak
R0303,influence,Strong
R0303,predict,None
R0303,similar,Weak
R0303,benefit,Strong
R0440,occur,Weak
R0440,likely,Moderate
R0440,excess,Moderate
R0440,risk,Moderate
R0440,result,Strong
R0440,response,Moderate
R0440,relate,Moderate
R0440,enhance,Strong
R0440,elevate,Moderate
R0440,lower,Moderate
R0440,indicate,Weak
R0440,face,Weak
R0440,consistent,Weak
R0440,encourage,None
R0440,trend,Weak
R0440,produce,Strong
R0440,maintain,Moderate
R0440,reduce,Strong
R0440,associate,Moderate
R0440,improve,Strong
R0440,benefit,Weak
R0440,vary,Weak
R0440,experience,Weak
R0440,worse,Moderate
R0440,contribute,Moderate
R0440,protect,Strong
R0440,reveal,Weak
R0440,confer,Strong
R0440,impact,Strong
R0440,increase,Moderate
R0440,risk factor,Moderate
R0440,observe,Moderate
R0440,factor,Weak
R0440,differ,Moderate
R0440,cause,Strong
R0440,predict,Moderate
R0440,decrease,Moderate
R0440,greater,Moderate
R0440,likelihood,Moderate
R0440,higher,Moderate
R0440,twice,Moderate
R0440,better,Moderate
R0440,effective,Strong
R0440,precede,Moderate
R0440,link,Moderate
R0440,affect,Strong
R0440,prevent,Strong
R0440,lead,Strong
R0440,marker,Strong
R0440,achieve,Strong
R0440,present,Weak
R0440,correlate,Moderate
R0440,change,Moderate
R0440,effect,Strong
R0440,decline,Moderate
R0440,attribute,Moderate
R0440,alter,Moderate
R0440,due,Strong
R0440,determinant,Strong
R0440,less,Weak
R0440,compare,Moderate
R0440,role,Moderate
R0440,appear,Moderate
R0440,similar,None
R0440,demonstrate,Moderate
R0440,explain,Strong
R0440,influence,Strong
R0449,associate,None
R0449,observe,None
R0449,risk factor,Weak
R0449,role,Moderate
R0449,benefit,Strong
R0449,lower,Weak
R0449,result,Strong
R0449,encourage,Weak
R0449,decrease,Weak
R0449,improve,Strong
R0449,due,Strong
R0449,explain,Strong
R0449,precede,Weak
R0449,protect,Moderate
R0449,confer,Weak
R0449,trend,Weak
R0449,greater,Weak
R0449,appear,None
R0449,effective,Strong
R0449,experience,None
R0449,twice,None
R0449,prevent,Strong
R0449,affect,Strong
R0449,reveal,Moderate
R0449,occur,Weak
R0449,produce,Strong
R0449,likely,Weak
R0449,relate,None
R0449,change,Moderate
R0449,likelihood,Weak
R0449,reduce,Moderate
R0449,correlate,None
R0449,attribute,Strong
R0449,impact,Strong
R0449,compare,None
R0449,higher,Weak
R0449,better,Weak
R0449,cause,Strong
R0449,factor,Weak
R0449,predict,Weak
R0449,less,Weak
R0449,maintain,Weak
R0449,link,None
R0449,influence,Moderate
R0449,determinant,Strong
R0449,consistent,Weak
R0449,worse,Weak
R0449,alter,Moderate
R0449,achieve,Weak
R0449,enhance,Moderate
R0449,differ,Weak
R0449,demonstrate,Weak
R0449,vary,Weak
R0449,risk,Weak
R0449,elevate,Weak
R0449,decline,Weak
R0449,present,None
R0449,response,Strong
R0449,lead,Strong
R0449,similar,None
R0449,excess,Moderate
R0449,increase,Weak
R0449,contribute,Strong
R0449,marker,Weak
R0449,indicate,Weak
R0449,face,Weak
R0449,effect,Strong
R0841,compare,Strong
R0841,consistent,Strong
R0841,produce,Strong
R0841,improve,Strong
R0841,predict,Strong
R0841,contribute,Moderate
R0841,explain,Strong
R0841,relate,Strong
R0841,higher,Strong
R0841,lead,Strong
R0841,vary,Moderate
R0841,alter,Strong
R0841,likely,Moderate
R0841,demonstrate,Moderate
R0841,impact,Strong
R0841,increase,Strong
R0841,factor,Moderate
R0841,better,Strong
R0841,worse,Strong
R0841,result,Strong
R0841,effect,Strong
R0841,link,Moderate
R0841,decrease,Strong
R0841,elevate,Strong
R0841,decline,Strong
R0841,greater,Strong
R0841,associate,None
R0841,determinant,Moderate
R0841,correlate,None
R0841,cause,Strong
R0841,observe,Moderate
R0841,differ,Strong
R0841,indicate,Moderate
R0841,twice,Strong
R0841,likelihood,Moderate
R0841,less,Strong
R0841,maintain,Strong
R0841,encourage,Weak
R0841,similar,Strong
R0841,response,Moderate
R0841,lower,Strong
R0841,risk factor,Moderate
R0841,present,Moderate
R0841,confer,Strong
R0841,enhance,Strong
R0841,affect,Strong
R0841,role,Moderate
R0841,prevent,Strong
R0841,effective,Strong
R0841,excess,Strong
R0841,occur,Moderate
R0841,face,Moderate
R0841,attribute,Strong
R0841,reduce,Strong
R0841,experience,Strong
R0841,protect,Strong
R0841,precede,Moderate
R0841,influence,Moderate
R0841,reveal,Moderate
R0841,marker,Moderate
R0841,trend,Moderate
R0841,due,Strong
R0841,appear,Weak
R0841,achieve,Strong
R0841,risk,Moderate
R0841,change,Strong
R0841,benefit,Strong
R0871,less,Moderate
R0871,greater,Moderate
R0871,observe,Weak
R0871,benefit,Strong
R0871,effective,Moderate
R0871,effect,Moderate
R0871,result,Moderate
R0871,predict,Weak
R0871,cause,Strong
R0871,appear,None
R0871,indicate,None
R0871,determinant,Moderate
R0871,link,Weak
R0871,demonstrate,None
R0871,likelihood,Moderate
R0871,decline,Moderate
R0871,confer,Moderate
R0871,marker,None
R0871,lower,Moderate
R0871,improve,Moderate
R0871,role,Weak
R0871,due,Moderate
R0871,risk,Moderate
R0871,precede,Weak
R0871,excess,Weak
R0871,encourage,None
R0871,protect,Moderate
R0871,better,Moderate
R0871,associate,Moderate
R0871,affect,Strong
R0871,factor,None
R0871,likely,Weak
R0871,enhance,Moderate
R0871,vary,Weak
R0871,elevate,Moderate
R0871,response,Moderate
R0871,reveal,None
R0871,similar,Weak
R0871,trend,None
R0871,decrease,Moderate
R0871,prevent,Strong
R0871,attribute,Weak
R0871,consistent,Weak
R0871,compare,Weak
R0871,impact,Moderate
R0871,achieve,Moderate
R0871,relate,Moderate
R0871,contribute,Moderate
R0871,reduce,Strong
R0871,lead,Strong
R0871,present,Weak
R0871,increase,Moderate
R0871,change,Moderate
R0871,produce,Moderate
R0871,explain,Moderate
R0871,correlate,Weak
R0871,twice,Moderate
R0871,alter,Moderate
R0871,maintain,Weak
R0871,higher,Moderate
R0871,differ,Weak
R0871,face,None
R0871,influence,Moderate
R0871,worse,Moderate
R0871,occur,Moderate
R0871,experience,Moderate
R0871,risk factor,Moderate
R0945,present,Weak
R0945,prevent,Strong
R0945,likelihood,Moderate
R0945,vary,None
R0945,lead,Strong
R0945,enhance,Strong
R0945,impact,Strong
R0945,demonstrate,Moderate
R0945,decrease,Moderate
R0945,greater,Weak
R0945,associate,Weak
R0945,elevate,Weak
R0945,factor,None
R0945,reduce,Strong
R0945,less,Weak
R0945,reveal,Weak
R0945,alter,Strong
R0945,attribute,Moderate
R0945,decline,Weak
R0945,compare,Weak
R0945,observe,Weak
R0945,result,Weak
R0945,confer,Strong
R0945,determinant,Moderate
R0945,higher,Weak
R0945,precede,None
R0945,influence,Strong
R0945,due,Moderate
R0945,experience,Weak
R0945,risk factor,Weak
R0945,protect,Strong
R0945,explain,None
R0945,correlate,Weak
R0945,marker,Weak
R0945,improve,Strong
R0945,trend,Weak
R0945,effect,Strong
R0945,cause,Strong
R0945,affect,Strong
R0945,twice,None
R0945,increase,Strong
R0945,predict,None
R0945,effective,Strong
R0945,better,Moderate
R0945,achieve,Moderate
R0945,change,Weak
R0945,appear,None
R0945,response,Strong
R0945,relate,Weak
R0945,produce,Strong
R0945,worse,Weak
R0945,role,Moderate
R0945,indicate,None
R0945,occur,None
R0945,link,Weak
R0945,similar,None
R0945,face,Moderate
R0945,differ,None
R0945,encourage,None
R0945,contribute,Moderate
R0945,maintain,Weak
R0945,lower,Moderate
R0945,excess,Weak
R0945,risk,Moderate
R0945,benefit,Strong
R0945,consistent,None
R0945,likely,Moderate
R1322,risk,Strong
R1322,reveal,Weak
R1322,contribute,Strong
R1322,determinant,Moderate
R1322,face,None
R1322,occur,Weak
R1322,maintain,Moderate
R1322,compare,None
R1322,enhance,Moderate
R1322,prevent,Strong
R1322,decrease,Weak
R1322,associate,None
R1322,reduce,Weak
R1322,factor,Moderate
R1322,lower,Weak
R1322,differ,None
R1322,protect,Strong
R1322,predict,Weak
R1322,cause,Strong
R1322,trend,Weak
R1322,twice,Weak
R1322,confer,Strong
R1322,produce,Strong
R1322,likelihood,Weak
R1322,elevate,Weak
R1322,consistent,None
R1322,lead,Strong
R1322,result,Strong
R1322,impact,Moderate
R1322,worse,Weak
R1322,risk factor,Strong
R1322,similar,Weak
R1322,effective,Strong
R1322,vary,Weak
R1322,better,Weak
R1322,role,Moderate
R1322,encourage,Moderate
R1322,marker,Moderate
R1322,indicate,Weak
R1322,effect,Strong
R1322,benefit,Strong
R1322,observe,Weak
R1322,present,Weak
R1322,achieve,Moderate
R1322,response,Moderate
R1322,attribute,Strong
R1322,experience,Weak
R1322,precede,None
R1322,improve,Moderate
R1322,likely,Weak
R1322,decline,Weak
R1322,appear,Weak
R1322,explain,Strong
R1322,excess,Strong
R1322,demonstrate,Weak
R1322,link,Weak
R1322,influence,Moderate
R1322,relate,Weak
R1322,less,Weak
R1322,affect,Moderate
R1322,change,Moderate
R1322,correlate,Weak
R1322,due,Strong
R1322,higher,Moderate
R1322,greater,Moderate
R1322,alter,Moderate
R1322,increase,Moderate
R1470,lower,Moderate
R1470,decrease,Moderate
R1470,demonstrate,None
R1470,precede,Moderate
R1470,appear,Weak
R1470,increase,Moderate
R1470,response,Weak
R1470,likely,Weak
R1470,determinant,Moderate
R1470,reduce,Moderate
R1470,risk,Moderate
R1470,vary,Weak
R1470,attribute,Strong
R1470,less,Moderate
R1470,encourage,Weak
R1470,excess,Moderate
R1470,consistent,None
R1470,relate,Weak
R1470,prevent,Moderate
R1470,face,None
R1470,due,Strong
R1470,compare,Weak
R1470,enhance,Moderate
R1470,elevate,Moderate
R1470,observe,Weak
R1470,experience,None
R1470,impact,Moderate
R1470,contribute,Moderate
R1470,role,Weak
R1470,factor,Weak
R1470,confer,Moderate
R1470,trend,Weak
R1470,occur,Weak
R1470,reveal,None
R1470,alter,Moderate
R1470,associate,Weak
R1470,higher,Moderate
R1470,benefit,Moderate
R1470,predict,Weak
R1470,decline,Moderate
R1470,present,Weak
R1470,effective,Moderate
R1470,greater,Moderate
R1470,affect,Moderate
R1470,correlate,Weak
R1470,change,Weak
R1470,effect,Moderate
R1470,influence,Moderate
R1470,explain,Strong
R1470,worse,Moderate
R1470,protect,Moderate
R1470,maintain,Weak
R1470,indicate,Weak
R1470,twice,Moderate
R1470,produce,Weak
R1470,risk factor,Weak
R1470,lead,Strong
R1470,marker,Weak
R1470,differ,Weak
R1470,improve,Moderate
R1470,cause,Strong
R1470,achieve,Moderate
R1470,link,Weak
R1470,result,Moderate
R1470,similar,Weak
R1470,better,Moderate
R1470,likelihood,Moderate
R1879,confer,Moderate
R1879,observe,None
R1879,enhance,Strong
R1879,vary,None
R1879,benefit,Strong
R1879,maintain,Moderate
R1879,risk,Moderate
R1879,result,Strong
R1879,improve,Strong
R1879,effective,Strong
R1879,worse,Weak
R1879,indicate,Weak
R1879,similar,Weak
R1879,relate,None
R1879,decrease,Strong
R1879,risk factor,Moderate
R1879,appear,Weak
R1879,explain,Strong
R1879,link,None
R1879,impact,Strong
R1879,likely,None
R1879,excess,None
R1879,achieve,Moderate
R1879,marker,Moderate
R1879,protect,Strong
R1879,likelihood,None
R1879,twice,Weak
R1879,due,Strong
R1879,lead,Strong
R1879,affect,Strong
R1879,consistent,None
R1879,alter,Strong
R1879,contribute,Moderate
R1879,change,Weak
R1879,associate,None
R1879,present,None
R1879,elevate,Strong
R1879,factor,Moderate
R1879,better,Weak
R1879,greater,Weak
R1879,effect,Strong
R1879,response,Strong
R1879,cause,Strong
R1879,determinant,Strong
R1879,attribute,Strong
R1879,higher,Weak
R1879,precede,Moderate
R1879,occur,None
R1879,demonstrate,Moderate
R1879,produce,Strong
R1879,increase,Moderate
R1879,less,Weak
R1879,differ,Weak
R1879,prevent,Strong
R1879,reduce,Strong
R1879,role,Moderate
R1879,encourage,Strong
R1879,reveal,Weak
R1879,face,Weak
R1879,predict,Moderate
R1879,decline,Weak
R1879,correlate,None
R1879,influence,Strong
R1879,compare,None
R1879,lower,Weak
R1879,trend,Weak
R1879,experience,None
R1928,present,None
R1928,role,Moderate
R1928,lower,None
R1928,confer,Strong
R1928,likelihood,Weak
R1928,greater,None
R1928,explain,Strong
R1928,due,Strong
R1928,alter,Strong
R1928,correlate,None
R1928,higher,None
R1928,result,Moderate
R1928,encourage,Moderate
R1928,link,None
R1928,differ,None
R1928,appear,None
R1928,determinant,Moderate
R1928,effect,Moderate
R1928,increase,Moderate
R1928,indicate,None
R1928,impact,Moderate
R1928,maintain,Moderate
R1928,response,Strong
R1928,reduce,Moderate
R1928,precede,None
R1928,less,None
R1928,enhance,Strong
R1928,achieve,Strong
R1928,affect,Strong
R1928,decline,Moderate
R1928,risk,Weak
R1928,benefit,Moderate
R1928,lead,Moderate
R1928,twice,None
R1928,vary,None
R1928,factor,None
R1928,observe,None
R1928,prevent,Strong
R1928,attribute,Strong
R1928,excess,Weak
R1928,demonstrate,Moderate
R1928,marker,Moderate
R1928,experience,Weak
R1928,likely,None
R1928,influence,Strong
R1928,change,Weak
R1928,similar,None
R1928,produce,Moderate
R1928,reveal,Weak
R1928,compare,None
R1928,trend,Weak
R1928,better,Moderate
R1928,consistent,None
R1928,elevate,None
R1928,effective,Strong
R1928,occur,None
R1928,improve,Strong
R1928,contribute,Moderate
R1928,worse,Moderate
R1928,cause,Strong
R1928,protect,Strong
R1928,decrease,Weak
R1928,face,None
R1928,predict,Moderate
R1928,associate,None
R1928,relate,None
R1928,risk factor,Strong
R2228,improve,Strong
R2228,elevate,Moderate
R2228,alter,Strong
R2228,excess,Weak
R2228,worse,Moderate
R2228,enhance,Moderate
R2228,factor,Weak
R2228,achieve,Strong
R2228,protect,Strong
R2228,change,Strong
R2228,better,Moderate
R2228,indicate,None
R2228,relate,Weak
R2228,encourage,Strong
R2228,present,None
R2228,influence,Strong
R2228,benefit,Strong
R2228,result,Strong
R2228,appear,None
R2228,marker,Weak
R2228,less,Weak
R2228,compare,Weak
R2228,higher,Weak
R2228,similar,Weak
R2228,decrease,Strong
R2228,cause,Strong
R2228,precede,Weak
R2228,maintain,Strong
R2228,reveal,None
R2228,effective,Strong
R2228,consistent,Weak
R2228,twice,None
R2228,prevent,Strong
R2228,impact,Strong
R2228,face,None
R2228,determinant,Strong
R2228,decline,Strong
R2228,effect,Strong
R2228,increase,Moderate
R2228,vary,None
R2228,confer,Strong
R2228,affect,Strong
R2228,greater,Weak
R2228,lower,Weak
R2228,link,Weak
R2228,risk,None
R2228,lead,Strong
R2228,correlate,None
R2228,associate,None
R2228,likelihood,None
R2228,predict,None
R2228,explain,Weak
R2228,demonstrate,None
R2228,observe,None
R2228,trend,None
R2228,role,Moderate
R2228,occur,None
R2228,differ,Weak
R2228,likely,Weak
R2228,reduce,Moderate
R2228,response,Weak
R2228,contribute,Strong
R2228,due,Strong
R2228,produce,Strong
R2228,experience,None
R2228,risk factor,Weak
R2228,attribute,Strong
R2324,prevent,Strong
R2324,attribute,Weak
R2324,experience,Weak
R2324,maintain,Moderate
R2324,response,Weak
R2324,alter,Moderate
R2324,produce,Strong
R2324,twice,Strong
R2324,consistent,Moderate
R2324,precede,Weak
R2324,effect,Weak
R2324,occur,Weak
R2324,correlate,Moderate
R2324,effective,Moderate
R2324,impact,Moderate
R2324,link,Weak
R2324,result,Moderate
R2324,higher,Weak
R2324,vary,None
R2324,encourage,None
R2324,elevate,Weak
R2324,face,None
R2324,explain,Strong
R2324,appear,Weak
R2324,compare,None
R2324,improve,Weak
R2324,similar,Weak
R2324,relate,Weak
R2324,greater,Weak
R2324,contribute,Weak
R2324,excess,None
R2324,worse,Moderate
R2324,better,Moderate
R2324,differ,Weak
R2324,increase,Moderate
R2324,lead,Strong
R2324,likely,Weak
R2324,confer,Weak
R2324,protect,Strong
R2324,present,None
R2324,indicate,Weak
R2324,achieve,Moderate
R2324,marker,Moderate
R2324,influence,Moderate
R2324,enhance,Moderate
R2324,decrease,Weak
R2324,less,Moderate
R2324,demonstrate,Moderate
R2324,associate,Moderate
R2324,reduce,Moderate
R2324,role,Weak
R2324,affect,Moderate
R2324,change,Moderate
R2324,factor,Weak
R2324,risk,Moderate
R2324,determinant,Strong
R2324,decline,Moderate
R2324,likelihood,Weak
R2324,cause,Strong
R2324,benefit,Strong
R2324,risk factor,Moderate
R2324,due,Strong
R2324,observe,Moderate
R2324,reveal,Strong
R2324,lower,Weak
R2324,trend,Weak
R2324,predict,Moderate
R2460,worse,Weak
R2460,consistent,Weak
R2460,effect,Strong
R2460,due,Weak
R2460,enhance,Moderate
R2460,decrease,Moderate
R2460,greater,Weak
R2460,trend,None
R2460,result,None
R2460,indicate,None
R2460,link,Weak
R2460,alter,Weak
R2460,differ,Weak
R2460,present,Weak
R2460,associate,Strong
R2460,cause,Strong
R2460,risk,Moderate
R2460,achieve,Weak
R2460,encourage,Weak
R2460,attribute,Moderate
R2460,compare,Weak
R2460,affect,Weak
R2460,appear,Weak
R2460,protect,Strong
R2460,face,Weak
R2460,impact,Moderate
R2460,predict,Moderate
R2460,improve,Moderate
R2460,factor,Weak
R2460,better,Weak
R2460,demonstrate,Moderate
R2460,influence,Weak
R2460,role,Weak
R2460,decline,Weak
R2460,maintain,Weak
R2460,likelihood,Moderate
R2460,relate,Moderate
R2460,increase,Weak
R2460,excess,Moderate
R2460,produce,None
R2460,prevent,Strong
R2460,effective,Strong
R2460,observe,Moderate
R2460,confer,Weak
R2460,higher,Weak
R2460,response,Weak
R2460,lower,Weak
R2460,contribute,Weak
R2460,occur,Moderate
R2460,experience,Weak
R2460,explain,Weak
R2460,vary,Weak
R2460,reduce,Moderate
R2460,similar,None
R2460,risk factor,Moderate
R2460,likely,None
R2460,change,Weak
R2460,twice,None
R2460,correlate,Moderate
R2460,reveal,None
R2460,less,Weak
R2460,determinant,Strong
R2460,precede,Strong
R2460,marker,Moderate
R2460,lead,Weak
R2460,elevate,Moderate
R2460,benefit,None
R2554,demonstrate,Weak
R2554,occur,None
R2554,decrease,Strong
R2554,cause,Strong
R2554,lower,Strong
R2554,worse,Moderate
R2554,increase,Strong
R2554,risk factor,None
R2554,reduce,Strong
R2554,twice,Weak
R2554,observe,None
R2554,encourage,Moderate
R2554,predict,Moderate
R2554,elevate,Strong
R2554,effect,Moderate
R2554,decline,Strong
R2554,prevent,Strong
R2554,produce,Strong
R2554,present,None
R2554,change,Moderate
R2554,differ,None
R2554,appear,None
R2554,due,Strong
R2554,alter,Strong
R2554,improve,Strong
R2554,confer,Weak
R2554,greater,Weak
R2554,marker,Moderate
R2554,explain,Moderate
R2554,enhance,Strong
R2554,result,Strong
R2554,indicate,None
R2554,relate,None
R2554,benefit,Moderate
R2554,likelihood,None
R2554,role,Weak
R2554,higher,Weak
R2554,lead,Strong
R2554,impact,Moderate
R2554,consistent,None
R2554,contribute,Strong
R2554,influence,Strong
R2554,maintain,Moderate
R2554,factor,Weak
R2554,compare,None
R2554,risk,Weak
R2554,trend,Moderate
R2554,face,Weak
R2554,better,None
R2554,less,None
R2554,vary,Weak
R2554,effective,Strong
R2554,link,None
R2554,similar,None
R2554,affect,Moderate
R2554,response,Moderate
R2554,reveal,None
R2554,likely,None
R2554,precede,Strong
R2554,attribute,Moderate
R2554,protect,Strong
R2554,excess,None
R2554,correlate,None
R2554,associate,None
R2554,experience,Weak
R2554,achieve,Moderate
R2554,determinant,Moderate
R2573,improve,Moderate
R2573,greater,Weak
R2573,increase,Moderate
R2573,risk,Weak
R2573,response,Moderate
R2573,higher,Moderate
R2573,effect,Strong
R2573,benefit,Strong
R2573,predict,Weak
R2573,trend,Weak
R2573,prevent,Moderate
R2573,correlate,Weak
R2573,lower,Weak
R2573,indicate,Weak
R2573,precede,Weak
R2573,likelihood,Weak
R2573,marker,Weak
R2573,differ,Weak
R2573,demonstrate,Moderate
R2573,compare,Weak
R2573,reveal,Weak
R2573,associate,Weak
R2573,factor,Weak
R2573,reduce,Moderate
R2573,produce,Moderate
R2573,link,None
R2573,enhance,Weak
R2573,affect,Strong
R2573,effective,Moderate
R2573,encourage,Weak
R2573,explain,Moderate
R2573,occur,Weak
R2573,protect,Moderate
R2573,due,Moderate
R2573,vary,Weak
R2573,impact,Weak
R2573,lead,Moderate
R2573,twice,None
R2573,decrease,Weak
R2573,determinant,Moderate
R2573,confer,Strong
R2573,consistent,Weak
R2573,observe,Weak
R2573,change,Weak
R2573,elevate,Moderate
R2573,achieve,Weak
R2573,similar,Weak
R2573,relate,Moderate
R2573,likely,Moderate
R2573,risk factor,Weak
R2573,cause,Strong
R2573,role,Weak
R2573,excess,Weak
R2573,present,Weak
R2573,experience,Weak
R2573,decline,Weak
R2573,result,Moderate
R2573,worse,Weak
R2573,alter,Moderate
R2573,less,None
R2573,face,Weak
R2573,contribute,Weak
R2573,appear,Weak
R2573,maintain,Moderate
R2573,attribute,Moderate
R2573,better,Weak
R2573,influence,Weak
R2701,elevate,Moderate
R2701,appear,Weak
R2701,alter,Strong
R2701,marker,Moderate
R2701,link,Weak
R2701,confer,Moderate
R2701,benefit,Moderate
R2701,demonstrate,Weak
R2701,improve,Strong
R2701,maintain,Moderate
R2701,greater,Moderate
R2701,higher,Moderate
R2701,achieve,Moderate
R2701,occur,Weak
R2701,contribute,Moderate
R2701,associate,Moderate
R2701,predict,Moderate
R2701,present,Weak
R2701,decrease,Strong
R2701,likely,Moderate
R2701,lower,Moderate
R2701,factor,Moderate
R2701,indicate,Weak
R2701,influence,Strong
R2701,decline,Moderate
R2701,twice,None
R2701,precede,None
R2701,less,Weak
R2701,risk factor,Moderate
R2701,affect,Strong
R2701,determinant,Strong
R2701,role,Moderate
R2701,compare,Moderate
R2701,produce,Strong
R2701,change,Strong
R2701,effective,Strong
R2701,vary,None
R2701,similar,Weak
R2701,trend,Weak
R2701,lead,Strong
R2701,observe,Weak
R2701,response,Moderate
R2701,enhance,Moderate
R2701,experience,Weak
R2701,result,Strong
R2701,prevent,Strong
R2701,impact,Strong
R2701,consistent,Weak
R2701,encourage,Moderate
R2701,explain,Moderate
R2701,reveal,Weak
R2701,increase,Moderate
R2701,risk,Moderate
R2701,attribute,Strong
R2701,due,Strong
R2701,likelihood,Moderate
R2701,effect,Strong
R2701,correlate,None
R2701,worse,Weak
R2701,cause,Strong
R2701,better,Moderate
R2701,protect,Moderate
R2701,differ,Moderate
R2701,face,None
R2701,excess,Moderate
R2701,relate,Weak
R2701,reduce,Strong
R2767,worse,Strong
R2767,determinant,Strong
R2767,response,Moderate
R2767,decrease,Strong
R2767,higher,Moderate
R2767,risk,Moderate
R2767,likelihood,Moderate
R2767,greater,Moderate
R2767,due,Strong
R2767,correlate,Weak
R2767,face,Moderate
R2767,associate,Weak
R2767,consistent,Moderate
R2767,decline,Strong
R2767,excess,Moderate
R2767,protect,Strong
R2767,prevent,Strong
R2767,produce,Strong
R2767,increase,Moderate
R2767,twice,Moderate
R2767,explain,Moderate
R2767,lead,Strong
R2767,influence,Strong
R2767,benefit,Moderate
R2767,risk factor,Moderate
R2767,alter,Moderate
R2767,vary,Moderate
R2767,differ,Moderate
R2767,elevate,Strong
R2767,maintain,Moderate
R2767,improve,Strong
R2767,confer,Strong
R2767,likely,Weak
R2767,appear,Weak
R2767,compare,Moderate
R2767,better,Strong
R2767,factor,Moderate
R2767,change,Strong
R2767,reveal,Moderate
R2767,relate,Moderate
R2767,effective,Moderate
R2767,demonstrate,Moderate
R2767,encourage,Moderate
R2767,attribute,Strong
R2767,impact,Strong
R2767,result,Strong
R2767,achieve,Strong
R2767,trend,Weak
R2767,predict,Weak
R2767,lower,Moderate
R2767,reduce,Strong
R2767,contribute,Strong
R2767,indicate,Moderate
R2767,enhance,Moderate
R2767,effect,Strong
R2767,cause,Strong
R2767,present,Moderate
R2767,similar,Moderate
R2767,occur,Moderate
R2767,experience,Moderate
R2767,observe,Weak
R2767,less,Moderate
R2767,affect,Strong
R2767,precede,Moderate
R2767,link,Moderate
R2767,role,Strong
R2767,marker,Weak
R2835,reveal,Moderate
R2835,enhance,Moderate
R2835,compare,Weak
R2835,protect,Strong
R2835,improve,Moderate
R2835,result,Strong
R2835,less,Weak
R2835,prevent,Strong
R2835,maintain,Weak
R2835,relate,None
R2835,similar,Weak
R2835,associate,None
R2835,factor,Moderate
R2835,elevate,Moderate
R2835,occur,Weak
R2835,encourage,Weak
R2835,excess,Moderate
R2835,role,Weak
R2835,predict,Moderate
R2835,better,Moderate
R2835,likely,Weak
R2835,benefit,Weak
R2835,demonstrate,Weak
R2835,lead,Strong
R2835,decrease,Strong
R2835,effective,Strong
R2835,decline,Strong
R2835,trend,Weak
R2835,risk factor,Moderate
R2835,contribute,Weak
R2835,observe,None
R2835,higher,Moderate
R2835,change,Moderate
R2835,indicate,Weak
R2835,present,Weak
R2835,lower,Strong
R2835,produce,Moderate
R2835,marker,Moderate
R2835,consistent,Weak
R2835,attribute,Strong
R2835,achieve,Strong
R2835,influence,Strong
R2835,determinant,Moderate
R2835,response,Moderate
R2835,experience,Moderate
R2835,link,Moderate
R2835,due,Moderate
R2835,impact,Strong
R2835,face,Strong
R2835,risk,Strong
R2835,twice,Moderate
R2835,alter,Moderate
R2835,reduce,Strong
R2835,appear,Weak
R2835,affect,Strong
R2835,precede,Strong
R2835,worse,Moderate
R2835,cause,Strong
R2835,greater,Moderate
R2835,effect,Strong
R2835,increase,Strong
R2835,differ,Weak
R2835,explain,Strong
R2835,confer,Moderate
R2835,likelihood,Weak
R2835,vary,Weak
R2835,correlate,None
R3018,present,Moderate
R3018,correlate,Weak
R3018,likely,Weak
R3018,factor,Moderate
R3018,associate,None
R3018,explain,Strong
R3018,attribute,Strong
R3018,contribute,Moderate
R3018,risk,Moderate
R3018,likelihood,Weak
R3018,alter,Strong
R3018,link,Weak
R3018,result,Strong
R3018,higher,Moderate
R3018,better,None
R3018,maintain,Weak
R3018,protect,Strong
R3018,change,Strong
R3018,predict,Moderate
R3018,decline,Weak
R3018,produce,Strong
R3018,observe,None
R3018,excess,Weak
R3018,effect,Strong
R3018,cause,Strong
R3018,achieve,Strong
R3018,less,Weak
R3018,decrease,Weak
R3018,demonstrate,Weak
R3018,enhance,Moderate
R3018,elevate,Moderate
R3018,precede,None
R3018,appear,Weak
R3018,vary,None
R3018,differ,None
R3018,occur,Weak
R3018,benefit,Strong
R3018,marker,None
R3018,face,Weak
R3018,response,Strong
R3018,effective,Strong
R3018,determinant,Strong
R3018,impact,Moderate
R3018,consistent,None
R3018,experience,Weak
R3018,improve,Strong
R3018,encourage,Moderate
R3018,confer,Moderate
R3018,worse,None
R3018,reveal,None
R3018,twice,None
R3018,role,Weak
R3018,trend,None
R3018,similar,None
R3018,risk factor,Weak
R3018,greater,None
R3018,prevent,Strong
R3018,due,Strong
R3018,relate,Moderate
R3018,compare,None
R3018,indicate,Weak
R3018,increase,Moderate
R3018,lower,None
R3018,affect,Strong
R3018,influence,Moderate
R3018,reduce,Strong
R3018,lead,Weak
R3107,encourage,Moderate
R3107,affect,Strong
R3107,worse,Weak
R3107,higher,Weak
R3107,change,Strong
R3107,due,Strong
R3107,maintain,Moderate
R3107,greater,Weak
R3107,elevate,Strong
R3107,precede,None
R3107,decline,Weak
R3107,link,Weak
R3107,result,Strong
R3107,demonstrate,Weak
R3107,protect,Strong
R3107,decrease,Strong
R3107,less,Weak
R3107,trend,None
R3107,produce,Strong
R3107,compare,None
R3107,better,Weak
R3107,relate,Weak
R3107,face,None
R3107,factor,Weak
R3107,observe,None
R3107,risk factor,Weak
R3107,lower,Weak
R3107,determinant,Moderate
R3107,twice,Weak
R3107,alter,Strong
R3107,present,None
R3107,contribute,Strong
R3107,risk,Moderate
R3107,consistent,None
R3107,prevent,Strong
R3107,attribute,Strong
R3107,reduce,Strong
R3107,role,None
R3107,enhance,Strong
R3107,excess,Moderate
R3107,likelihood,None
R3107,achieve,None
R3107,similar,Weak
R3107,marker,Weak
R3107,increase,Strong
R3107,occur,None
R3107,reveal,None
R3107,effective,Strong
R3107,associate,Weak
R3107,predict,Weak
R3107,correlate,Weak
R3107,improve,Strong
R3107,effect,Strong
R3107,lead,Strong
R3107,likely,None
R3107,differ,None
R3107,vary,None
R3107,impact,Moderate
R3107,cause,Strong
R3107,influence,Strong
R3107,appear,None
R3107,confer,None
R3107,explain,Moderate
R3107,experience,Weak
R3107,response,None
R3107,benefit,Moderate
R3107,indicate,None
R3251,associate,Weak
R3251,change,Weak
R3251,due,Strong
R3251,correlate,Weak
R3251,encourage,Moderate
R3251,reduce,Moderate
R3251,present,None
R3251,contribute,Strong
R3251,effective,Strong
R3251,alter,Moderate
R3251,indicate,Weak
R3251,role,Moderate
R3251,prevent,Strong
R3251,appear,None
R3251,response,None
R3251,predict,None
R3251,effect,Strong
R3251,differ,None
R3251,confer,Moderate
R3251,precede,Weak
R3251,improve,Moderate
R3251,benefit,Moderate
R3251,worse,Weak
R3251,twice,None
R3251,reveal,None
R3251,vary,None
R3251,likelihood,Weak
R3251,result,Strong
R3251,similar,Weak
R3251,less,Weak
R3251,compare,None
R3251,occur,None
R3251,link,Moderate
R3251,cause,Strong
R3251,determinant,Strong
R3251,decrease,Weak
R3251,achieve,None
R3251,consistent,None
R3251,protect,Strong
R3251,explain,Strong
R3251,influence,Moderate
R3251,decline,Weak
R3251,risk,Moderate
R3251,face,Weak
R3251,experience,None
R3251,elevate,Weak
R3251,marker,None
R3251,enhance,Weak
R3251,better,Weak
R3251,factor,Moderate
R3251,excess,Weak
R3251,higher,Weak
R3251,attribute,Strong
R3251,likely,None
R3251,risk factor,Weak
R3251,lead,Moderate
R3251,observe,None
R3251,trend,None
R3251,impact,Strong
R3251,increase,None
R3251,affect,Strong
R3251,maintain,Weak
R3251,relate,Weak
R3251,produce,Strong
R3251,demonstrate,None
R3251,lower,None
R3251,greater,None
R3626,maintain,Moderate
R3626,prevent,Moderate
R3626,demonstrate,Moderate
R3626,indicate,Moderate
R3626,change,Moderate
R3626,vary,Moderate
R3626,benefit,Strong
R3626,face,Weak
R3626,likely,Moderate
R3626,impact,Strong
R3626,elevate,Moderate
R3626,role,Moderate
R3626,observe,Moderate
R3626,confer,Weak
R3626,influence,Moderate
R3626,correlate,Moderate
R3626,higher,Moderate
R3626,protect,Strong
R3626,predict,Moderate
R3626,contribute,Strong
R3626,associate,Strong
R3626,reduce,Strong
R3626,consistent,Moderate
R3626,lead,Moderate
R3626,decline,Moderate
R3626,worse,Moderate
R3626,alter,Moderate
R3626,risk factor,Moderate
R3626,achieve,Weak
R3626,lower,Moderate
R3626,increase,Moderate
R3626,effect,Strong
R3626,attribute,Strong
R3626,appear,Moderate
R3626,marker,Moderate
R3626,reveal,Moderate
R3626,present,Moderate
R3626,risk,Strong
R3626,excess,Strong
R3626,result,Moderate
R3626,precede,Strong
R3626,encourage,Weak
R3626,trend,Strong
R3626,less,Moderate
R3626,due,Moderate
R3626,explain,Moderate
R3626,greater,Moderate
R3626,determinant,Strong
R3626,cause,Strong
R3626,affect,Strong
R3626,twice,Moderate
R3626,response,Strong
R3626,relate,Strong
R3626,improve,Moderate
R3626,likelihood,Moderate
R3626,link,Strong
R3626,produce,Weak
R3626,effective,Strong
R3626,differ,Moderate
R3626,better,Moderate
R3626,compare,Weak
R3626,similar,Weak
R3626,decrease,Moderate
R3626,experience,Weak
R3626,enhance,Weak
R3626,factor,Moderate
R3626,occur,Weak
R4130,vary,None
R4130,affect,Strong
R4130,consistent,None
R4130,worse,None
R4130,lead,Strong
R4130,explain,Strong
R4130,greater,None
R4130,indicate,Moderate
R4130,trend,None
R4130,effective,Strong
R4130,appear,Moderate
R4130,relate,Weak
R4130,likelihood,Weak
R4130,present,None
R4130,cause,Strong
R4130,produce,Strong
R4130,lower,Moderate
R4130,experience,None
R4130,enhance,Strong
R4130,encourage,Moderate
R4130,similar,None
R4130,alter,Strong
R4130,response,Moderate
R4130,prevent,Strong
R4130,benefit,Strong
R4130,face,None
R4130,higher,None
R4130,risk factor,Strong
R4130,achieve,Strong
R4130,determinant,Strong
R4130,reduce,Strong
R4130,elevate,Strong
R4130,confer,Strong
R4130,excess,Moderate
R4130,differ,Weak
R4130,better,Weak
R4130,decrease,Strong
R4130,effect,Strong
R4130,due,Moderate
R4130,predict,Strong
R4130,increase,Strong
R4130,decline,Strong
R4130,demonstrate,Strong
R4130,marker,Strong
R4130,less,Weak
R4130,associate,Weak
R4130,compare,None
R4130,factor,Weak
R4130,influence,Strong
R4130,link,Strong
R4130,likely,Weak
R4130,risk,Moderate
R4130,twice,None
R4130,correlate,None
R4130,maintain,Moderate
R4130,reveal,Strong
R4130,improve,Strong
R4130,contribute,Moderate
R4130,attribute,Strong
R4130,impact,Strong
R4130,occur,None
R4130,observe,None
R4130,result,Strong
R4130,role,Moderate
R4130,protect,Strong
R4130,change,Strong
R4130,precede,Moderate
R4232,face,Weak
R4232,attribute,Strong
R4232,elevate,Moderate
R4232,improve,Strong
R4232,differ,Weak
R4232,experience,Moderate
R4232,maintain,Moderate
R4232,appear,Strong
R4232,decrease,Moderate
R4232,reduce,Moderate
R4232,risk,Weak
R4232,contribute,Strong
R4232,occur,Moderate
R4232,reveal,Moderate
R4232,marker,Weak
R4232,response,Moderate
R4232,predict,Weak
R4232,associate,Weak
R4232,lead,Strong
R4232,indicate,Moderate
R4232,less,Moderate
R4232,change,Moderate
R4232,lower,Moderate
R4232,increase,Moderate
R4232,encourage,None
R4232,confer,Weak
R4232,achieve,Weak
R4232,correlate,Weak
R4232,likelihood,Weak
R4232,risk factor,Moderate
R4232,affect,Strong
R4232,better,Moderate
R4232,vary,Weak
R4232,determinant,Strong
R4232,decline,Moderate
R4232,factor,Moderate
R4232,benefit,Strong
R4232,twice,Moderate
R4232,relate,Moderate
R4232,role,Moderate
R4232,explain,Moderate
R4232,protect,Strong
R4232,similar,Moderate
R4232,observe,Weak
R4232,higher,Moderate
R4232,precede,Moderate
R4232,effect,Strong
R4232,compare,Weak
R4232,due,Strong
R4232,demonstrate,Weak
R4232,effective,Strong
R4232,excess,Moderate
R4232,likely,Weak
R4232,impact,Strong
R4232,trend,Moderate
R4232,consistent,Moderate
R4232,enhance,Moderate
R4232,prevent,Strong
R4232,link,Weak
R4232,influence,Strong
R4232,greater,Moderate
R4232,result,Weak
R4232,cause,Strong
R4232,alter,Moderate
R4232,worse,Moderate
R4232,present,Weak
R4232,produce,Weak
R4829,encourage,Strong
R4829,lead,Strong
R4829,contribute,Moderate
R4829,change,Moderate
R4829,excess,Moderate
R4829,likelihood,Strong
R4829,influence,Strong
R4829,reveal,Moderate
R4829,occur,None
R4829,precede,Weak
R4829,link,None
R4829,indicate,None
R4829,improve,Moderate
R4829,due,Moderate
R4829,explain,Weak
R4829,produce,Strong
R4829,demonstrate,None
R4829,likely,None
R4829,cause,Strong
R4829,face,Weak
R4829,protect,Strong
R4829,greater,None
R4829,maintain,Weak
R4829,effective,Strong
R4829,higher,None
R4829,affect,Strong
R4829,decline,Weak
R4829,similar,Weak
R4829,lower,Weak
R4829,achieve,Strong
R4829,marker,Weak
R4829,risk factor,Moderate
R4829,risk,Weak
R4829,impact,Strong
R4829,twice,Weak
R4829,result,Strong
R4829,predict,Weak
R4829,less,Weak
R4829,role,Moderate
R4829,present,Weak
R4829,differ,None
R4829,enhance,Strong
R4829,observe,None
R4829,alter,Weak
R4829,attribute,Strong
R4829,consistent,None
R4829,increase,Moderate
R4829,confer,Strong
R4829,correlate,None
R4829,decrease,Moderate
R4829,response,Strong
R4829,worse,None
R4829,experience,None
R4829,prevent,Strong
R4829,benefit,Strong
R4829,appear,Moderate
R4829,effect,Strong
R4829,associate,None
R4829,compare,Weak
R4829,vary,None
R4829,trend,Weak
R4829,factor,Strong
R4829,relate,Weak
R4829,better,Weak
R4829,reduce,Strong
R4829,elevate,Weak
R4829,determinant,Strong
R4879,affect,Moderate
R4879,effective,Moderate
R4879,appear,Weak
R4879,elevate,Moderate
R4879,demonstrate,Weak
R4879,reveal,Weak
R4879,improve,Moderate
R4879,trend,None
R4879,effect,Moderate
R4879,factor,Moderate
R4879,maintain,Weak
R4879,less,Weak
R4879,lower,Weak
R4879,experience,Weak
R4879,result,Moderate
R4879,differ,Weak
R4879,higher,Weak
R4879,precede,Moderate
R4879,confer,Weak
R4879,vary,None
R4879,protect,Moderate
R4879,attribute,Moderate
R4879,excess,Moderate
R4879,better,Weak
R4879,consistent,None
R4879,risk factor,Moderate
R4879,marker,Weak
R4879,increase,Weak
R4879,correlate,None
R4879,reduce,Weak
R4879,face,None
R4879,produce,Weak
R4879,observe,Weak
R4879,alter,Moderate
R4879,greater,Weak
R4879,likelihood,Moderate
R4879,lead,Moderate
R4879,predict,Weak
R4879,decrease,Weak
R4879,worse,Weak
R4879,enhance,Moderate
R4879,decline,Weak
R4879,encourage,None
R4879,relate,None
R4879,benefit,Strong
R4879,twice,Moderate
R4879,contribute,Weak
R4879,cause,Strong
R4879,likely,Moderate
R4879,present,Weak
R4879,indicate,Weak
R4879,change,Weak
R4879,compare,Moderate
R4879,impact,Moderate
R4879,prevent,Moderate
R4879,occur,None
R4879,similar,None
R4879,role,Weak
R4879,due,Strong
R4879,achieve,Moderate
R4879,link,Weak
R4879,risk,Moderate
R4879,determinant,Strong
R4879,response,Weak
R4879,influence,Weak
R4879,explain,Moderate
R4879,associate,Weak
R5684,trend,None
R5684,greater,Strong
R5684,compare,Moderate
R5684,maintain,Moderate
R5684,demonstrate,Strong
R5684,enhance,Strong
R5684,precede,Moderate
R5684,associate,Moderate
R5684,impact,Strong
R5684,correlate,None
R5684,higher,Strong
R5684,factor,Moderate
R5684,reveal,Strong
R5684,prevent,Moderate
R5684,effect,Strong
R5684,effective,Strong
R5684,cause,Strong
R5684,lead,Strong
R5684,confer,Moderate
R5684,elevate,Moderate
R5684,experience,Moderate
R5684,result,Moderate
R5684,likely,Weak
R5684,better,Weak
R5684,achieve,Moderate
R5684,predict,Strong
R5684,link,Weak
R5684,role,Moderate
R5684,likelihood,Moderate
R5684,encourage,Moderate
R5684,increase,Moderate
R5684,protect,Moderate
R5684,due,Strong
R5684,benefit,Moderate
R5684,decline,Strong
R5684,similar,Moderate
R5684,decrease,Strong
R5684,risk factor,Moderate
R5684,indicate,Moderate
R5684,relate,Moderate
R5684,determinant,Strong
R5684,contribute,Moderate
R5684,observe,Moderate
R5684,reduce,Strong
R5684,produce,Strong
R5684,affect,Strong
R5684,explain,Strong
R5684,lower,Moderate
R5684,face,Weak
R5684,risk,Moderate
R5684,occur,Strong
R5684,differ,Moderate
R5684,change,Moderate
R5684,alter,Moderate
R5684,response,Moderate
R5684,appear,Weak
R5684,less,Strong
R5684,present,Strong
R5684,attribute,Moderate
R5684,influence,Moderate
R5684,consistent,Weak
R5684,vary,Moderate
R5684,improve,Moderate
R5684,marker,Moderate
R5684,twice,Weak
R5684,worse,Moderate
R5684,excess,Moderate
R5730,relate,Weak
R5730,risk factor,Moderate
R5730,elevate,Moderate
R5730,better,Strong
R5730,similar,Weak
R5730,trend,Weak
R5730,link,Weak
R5730,response,Strong
R5730,effect,Strong
R5730,decline,Strong
R5730,correlate,None
R5730,precede,Moderate
R5730,impact,Strong
R5730,protect,Moderate
R5730,explain,Strong
R5730,greater,Moderate
R5730,marker,Moderate
R5730,achieve,None
R5730,risk,Moderate
R5730,determinant,Strong
R5730,experience,Moderate
R5730,observe,None
R5730,increase,Strong
R5730,compare,Weak
R5730,appear,Weak
R5730,change,Weak
R5730,contribute,Moderate
R5730,benefit,Strong
R5730,factor,Moderate
R5730,consistent,None
R5730,enhance,Weak
R5730,lead,Strong
R5730,encourage,None
R5730,effective,Strong
R5730,decrease,Strong
R5730,twice,None
R5730,improve,Moderate
R5730,likely,Weak
R5730,worse,Strong
R5730,occur,None
R5730,cause,Strong
R5730,affect,Strong
R5730,reveal,None
R5730,present,None
R5730,associate,Moderate
R5730,influence,Moderate
R5730,differ,None
R5730,indicate,Weak
R5730,face,Weak
R5730,lower,Moderate
R5730,predict,Moderate
R5730,result,Strong
R5730,higher,Moderate
R5730,maintain,None
R5730,likelihood,Moderate
R5730,confer,Strong
R5730,excess,Strong
R5730,role,Weak
R5730,prevent,Strong
R5730,demonstrate,None
R5730,alter,Weak
R5730,less,Weak
R5730,attribute,Strong
R5730,due,Strong
R5730,vary,None
R5730,produce,Moderate
R5730,reduce,Strong
R5941,present,None
R5941,lower,Moderate
R5941,similar,None
R5941,trend,None
R5941,explain,Strong
R5941,cause,Strong
R5941,achieve,Moderate
R5941,response,Moderate
R5941,lead,Strong
R5941,reduce,Strong
R5941,alter,Moderate
R5941,vary,Weak
R5941,affect,Strong
R5941,effective,Strong
R5941,enhance,Moderate
R5941,associate,None
R5941,encourage,Weak
R5941,greater,Weak
R5941,face,Weak
R5941,improve,Moderate
R5941,benefit,Moderate
R5941,link,Weak
R5941,occur,None
R5941,correlate,None
R5941,elevate,Moderate
R5941,risk,Moderate
R5941,better,Weak
R5941,role,Moderate
R5941,higher,Weak
R5941,determinant,Strong
R5941,result,Strong
R5941,relate,Weak
R5941,attribute,Strong
R5941,reveal,None
R5941,marker,Weak
R5941,prevent,Strong
R5941,factor,Weak
R5941,risk factor,Moderate
R5941,predict,Moderate
R5941,decrease,Strong
R5941,effect,Strong
R5941,twice,Weak
R5941,contribute,Strong
R5941,due,Strong
R5941,increase,Moderate
R5941,impact,Strong
R5941,likely,None
R5941,differ,None
R5941,produce,Strong
R5941,indicate,Moderate
R5941,excess,Weak
R5941,consistent,None
R5941,likelihood,Weak
R5941,demonstrate,Weak
R5941,less,Weak
R5941,worse,Weak
R5941,influence,Moderate
R5941,compare,None
R5941,experience,None
R5941,observe,None
R5941,protect,Strong
R5941,confer,Moderate
R5941,appear,None
R5941,maintain,Weak
R5941,change,Weak
R5941,decline,Moderate
R5941,precede,Moderate
R6132,vary,Weak
R6132,present,None
R6132,maintain,Weak
R6132,response,Moderate
R6132,determinant,Weak
R6132,reduce,Strong
R6132,worse,Weak
R6132,alter,Strong
R6132,associate,None
R6132,decline,Moderate
R6132,higher,Moderate
R6132,enhance,Moderate
R6132,result,Strong
R6132,produce,Strong
R6132,indicate,Weak
R6132,face,Weak
R6132,consistent,Weak
R6132,factor,Moderate
R6132,decrease,Strong
R6132,precede,Moderate
R6132,cause,Strong
R6132,impact,Strong
R6132,role,Moderate
R6132,lead,Strong
R6132,relate,Moderate
R6132,trend,Weak
R6132,appear,Weak
R6132,twice,Moderate
R6132,observe,None
R6132,reveal,Weak
R6132,effect,Strong
R6132,greater,Strong
R6132,marker,Weak
R6132,lower,Moderate
R6132,confer,Strong
R6132,occur,Moderate
R6132,predict,Moderate
R6132,elevate,Strong
R6132,due,Strong
R6132,correlate,Moderate
R6132,contribute,Moderate
R6132,risk,Moderate
R6132,demonstrate,Weak
R6132,benefit,Moderate
R6132,experience,Moderate
R6132,affect,Strong
R6132,differ,Moderate
R6132,effective,Strong
R6132,less,Moderate
R6132,likely,Weak
R6132,excess,Moderate
R6132,likelihood,Weak
R6132,encourage,Moderate
R6132,risk factor,Moderate
R6132,similar,Weak
R6132,explain,Moderate
R6132,achieve,Weak
R6132,link,Moderate
R6132,influence,Strong
R6132,improve,Moderate
R6132,compare,Weak
R6132,prevent,Strong
R6132,better,Moderate
R6132,change,Strong
R6132,attribute,Moderate
R6132,increase,Strong
R6132,protect,Strong
R6400,precede,Weak
R6400,confer,Weak
R6400,higher,Strong
R6400,explain,Moderate
R6400,benefit,Weak
R6400,achieve,Strong
R6400,associate,Moderate
R6400,indicate,Moderate
R6400,better,Weak
R6400,lead,Moderate
R6400,worse,Moderate
R6400,lower,Strong
R6400,change,Moderate
R6400,consistent,Moderate
R6400,effective,Moderate
R6400,likelihood,Weak
R6400,enhance,None
R6400,reveal,None
R6400,affect,Strong
R6400,trend,Weak
R6400,differ,Moderate
R6400,correlate,None
R6400,less,Moderate
R6400,predict,Strong
R6400,role,Weak
R6400,impact,Moderate
R6400,occur,None
R6400,improve,Moderate
R6400,similar,Moderate
R6400,greater,Moderate
R6400,present,None
R6400,vary,Weak
R6400,increase,Moderate
R6400,decrease,Weak
R6400,determinant,Moderate
R6400,encourage,None
R6400,protect,Strong
R6400,result,Moderate
R6400,risk factor,Strong
R6400,cause,Strong
R6400,decline,Moderate
R6400,produce,None
R6400,contribute,Moderate
R6400,response,None
R6400,demonstrate,Weak
R6400,relate,Moderate
R6400,likely,None
R6400,due,Weak
R6400,link,Weak
R6400,marker,Moderate
R6400,appear,None
R6400,attribute,Strong
R6400,factor,Strong
R6400,prevent,Strong
R6400,observe,Weak
R6400,twice,None
R6400,reduce,Strong
R6400,experience,None
R6400,alter,Moderate
R6400,influence,Moderate
R6400,face,None
R6400,risk,None
R6400,elevate,Moderate
R6400,excess,Strong
R6400,effect,Moderate
R6400,maintain,None
R6400,compare,None
R6498,produce,Strong
R6498,determinant,Moderate
R6498,higher,Weak
R6498,achieve,Strong
R6498,alter,Strong
R6498,enhance,Strong
R6498,consistent,None
R6498,likely,Weak
R6498,risk factor,Weak
R6498,vary,None
R6498,indicate,Moderate
R6498,influence,Strong
R6498,better,Moderate
R6498,encourage,Moderate
R6498,greater,Moderate
R6498,change,Strong
R6498,correlate,Weak
R6498,due,Strong
R6498,likelihood,Weak
R6498,factor,Weak
R6498,improve,Strong
R6498,increase,Moderate
R6498,benefit,Strong
R6498,response,Moderate
R6498,experience,Weak
R6498,lower,Weak
R6498,protect,Strong
R6498,attribute,Strong
R6498,effective,Strong
R6498,impact,Strong
R6498,compare,Weak
R6498,role,Weak
R6498,elevate,Moderate
R6498,decline,Moderate
R6498,predict,Weak
R6498,trend,Weak
R6498,occur,Weak
R6498,less,Weak
R6498,present,Weak
R6498,lead,Strong
R6498,face,Weak
R6498,risk,Weak
R6498,explain,Strong
R6498,reveal,Weak
R6498,reduce,Strong
R6498,observe,Weak
R6498,precede,None
R6498,confer,Weak
R6498,differ,Weak
R6498,excess,Moderate
R6498,link,Weak
R6498,contribute,Strong
R6498,cause,Strong
R6498,associate,Weak
R6498,prevent,Strong
R6498,affect,Strong
R6498,effect,Strong
R6498,twice,None
R6498,result,Strong
R6498,marker,None
R6498,appear,None
R6498,maintain,Strong
R6498,worse,Moderate
R6498,decrease,Moderate
R6498,relate,Weak
R6498,similar,Moderate
R6498,demonstrate,Weak
R6562,decline,Moderate
R6562,prevent,Strong
R6562,less,Moderate
R6562,associate,None
R6562,similar,None
R6562,worse,None
R6562,better,None
R6562,factor,Weak
R6562,improve,Weak
R6562,produce,Strong
R6562,decrease,Moderate
R6562,change,Moderate
R6562,precede,None
R6562,benefit,Moderate
R6562,effect,Strong
R6562,due,Moderate
R6562,explain,Weak
R6562,marker,Moderate
R6562,indicate,None
R6562,appear,None
R6562,elevate,Weak
R6562,risk,Weak
R6562,lower,Moderate
R6562,risk factor,Weak
R6562,cause,Strong
R6562,twice,None
R6562,protect,Strong
R6562,consistent,None
R6562,correlate,None
R6562,vary,None
R6562,relate,None
R6562,confer,Weak
R6562,influence,Moderate
R6562,effective,Moderate
R6562,likelihood,Moderate
R6562,present,Weak
R6562,experience,None
R6562,role,Weak
R6562,excess,None
R6562,observe,None
R6562,encourage,Weak
R6562,increase,Moderate
R6562,result,Strong
R6562,reduce,Strong
R6562,determinant,Strong
R6562,higher,Moderate
R6562,occur,None
R6562,response,Weak
R6562,compare,None
R6562,impact,Weak
R6562,enhance,Weak
R6562,trend,None
R6562,affect,Weak
R6562,predict,None
R6562,greater,None
R6562,lead,Strong
R6562,differ,None
R6562,contribute,Weak
R6562,maintain,Weak
R6562,attribute,Weak
R6562,alter,Moderate
R6562,link,None
R6562,demonstrate,None
R6562,likely,Weak
R6562,achieve,Strong
R6562,reveal,None
R6562,face,None
R6655,role,Weak
R6655,decrease,Strong
R6655,contribute,Moderate
R6655,likely,Weak
R6655,produce,Moderate
R6655,attribute,Strong
R6655,effect,Strong
R6655,predict,Weak
R6655,indicate,Weak
R6655,higher,Weak
R6655,appear,None
R6655,observe,None
R6655,benefit,Strong
R6655,decline,Moderate
R6655,change,Strong
R6655,experience,Moderate
R6655,present,None
R6655,occur,None
R6655,greater,Weak
R6655,encourage,Weak
R6655,factor,None
R6655,less,Weak
R6655,protect,Strong
R6655,result,Strong
R6655,risk,Moderate
R6655,maintain,Moderate
R6655,better,Weak
R6655,differ,None
R6655,lower,None
R6655,enhance,Moderate
R6655,correlate,Weak
R6655,effective,Strong
R6655,demonstrate,None
R6655,relate,Weak
R6655,improve,Strong
R6655,prevent,Strong
R6655,lead,Strong
R6655,explain,Weak
R6655,determinant,Strong
R6655,increase,Moderate
R6655,worse,Weak
R6655,compare,None
R6655,response,Moderate
R6655,twice,Weak
R6655,face,Weak
R6655,confer,Weak
R6655,vary,None
R6655,similar,None
R6655,likelihood,Weak
R6655,reduce,Moderate
R6655,influence,Moderate
R6655,link,Weak
R6655,elevate,Weak
R6655,risk factor,Weak
R6655,due,Moderate
R6655,reveal,None
R6655,impact,Strong
R6655,marker,None
R6655,alter,Strong
R6655,affect,Strong
R6655,achieve,Weak
R6655,cause,Strong
R6655,trend,None
R6655,associate,None
R6655,excess,Weak
R6655,precede,None
R6655,consistent,None
R6762,decrease,Moderate
R6762,alter,Strong
R6762,result,Moderate
R6762,lead,Moderate
R6762,prevent,Moderate
R6762,twice,Weak
R6762,marker,Weak
R6762,produce,Moderate
R6762,precede,Weak
R6762,consistent,None
R6762,contribute,Moderate
R6762,increase,Moderate
R6762,link,Weak
R6762,attribute,Strong
R6762,indicate,Weak
R6762,response,Moderate
R6762,benefit,Moderate
R6762,improve,Strong
R6762,predict,Weak
R6762,effect,Moderate
R6762,compare,Weak
R6762,due,Moderate
R6762,lower,Moderate
R6762,excess,Weak
R6762,decline,Moderate
R6762,reduce,Moderate
R6762,experience,None
R6762,effective,Weak
R6762,less,Moderate
R6762,role,Moderate
R6762,vary,None
R6762,face,None
R6762,protect,Moderate
R6762,explain,Moderate
R6762,better,Weak
R6762,risk,Moderate
R6762,confer,Moderate
R6762,greater,Moderate
R6762,correlate,Weak
R6762,demonstrate,Weak
R6762,determinant,Moderate
R6762,relate,Weak
R6762,observe,Weak
R6762,achieve,Weak
R6762,impact,Strong
R6762,reveal,None
R6762,influence,Strong
R6762,associate,None
R6762,worse,Moderate
R6762,elevate,Weak
R6762,cause,Strong
R6762,likely,Weak
R6762,encourage,None
R6762,similar,None
R6762,occur,None
R6762,risk factor,Weak
R6762,enhance,Strong
R6762,higher,Weak
R6762,appear,Weak
R6762,likelihood,Weak
R6762,affect,Strong
R6762,differ,Weak
R6762,present,None
R6762,factor,Weak
R6762,change,Moderate
R6762,maintain,Weak
R6762,trend,Weak
R6865,factor,Weak
R6865,face,None
R6865,observe,None
R6865,relate,Weak
R6865,maintain,Strong
R6865,influence,Strong
R6865,appear,Weak
R6865,better,Moderate
R6865,enhance,Strong
R6865,change,Strong
R6865,confer,Moderate
R6865,marker,None
R6865,indicate,Weak
R6865,associate,Weak
R6865,produce,Strong
R6865,risk,Weak
R6865,link,Weak
R6865,less,Moderate
R6865,predict,None
R6865,increase,Strong
R6865,decrease,Strong
R6865,consistent,None
R6865,effective,Moderate
R6865,elevate,Moderate
R6865,alter,Strong
R6865,protect,Strong
R6865,improve,Strong
R6865,attribute,Strong
R6865,present,Weak
R6865,occur,Weak
R6865,benefit,Moderate
R6865,greater,Moderate
R6865,explain,Strong
R6865,impact,Strong
R6865,worse,Strong
R6865,excess,Weak
R6865,demonstrate,Moderate
R6865,result,Weak
R6865,likely,Weak
R6865,reduce,Strong
R6865,correlate,None
R6865,determinant,Strong
R6865,trend,None
R6865,decline,Moderate
R6865,achieve,Moderate
R6865,similar,Weak
R6865,experience,Weak
R6865,effect,Moderate
R6865,risk factor,Moderate
R6865,role,Strong
R6865,compare,None
R6865,encourage,Weak
R6865,vary,None
R6865,lead,Moderate
R6865,cause,Strong
R6865,higher,Moderate
R6865,twice,Moderate
R6865,affect,Strong
R6865,precede,Moderate
R6865,contribute,None
R6865,lower,Moderate
R6865,differ,None
R6865,response,Weak
R6865,prevent,Strong
R6865,reveal,Weak
R6865,likelihood,None
R6865,due,Strong
R7042,lead,Strong
R7042,response,Strong
R7042,twice,None
R7042,correlate,None
R7042,associate,None
R7042,affect,Strong
R7042,benefit,Moderate
R7042,better,Moderate
R7042,due,Strong
R7042,precede,Weak
R7042,change,Weak
R7042,attribute,Strong
R7042,experience,None
R7042,impact,Strong
R7042,marker,None
R7042,influence,Strong
R7042,result,Strong
R7042,effective,Strong
R7042,risk factor,Strong
R7042,higher,None
R7042,lower,None
R7042,observe,None
R7042,occur,None
R7042,alter,Weak
R7042,worse,None
R7042,maintain,None
R7042,increase,Moderate
R7042,indicate,None
R7042,enhance,Moderate
R7042,reveal,None
R7042,encourage,None
R7042,protect,Strong
R7042,vary,None
R7042,less,None
R7042,prevent,Strong
R7042,face,None
R7042,predict,None
R7042,decrease,Moderate
R7042,reduce,Moderate
R7042,differ,None
R7042,factor,None
R7042,greater,None
R7042,achieve,None
R7042,produce,Strong
R7042,likelihood,None
R7042,role,None
R7042,relate,None
R7042,excess,None
R7042,link,None
R7042,confer,None
R7042,present,None
R7042,effect,Strong
R7042,compare,None
R7042,trend,None
R7042,elevate,Weak
R7042,consistent,None
R7042,likely,None
R7042,improve,Weak
R7042,cause,Strong
R7042,risk,None
R7042,appear,None
R7042,similar,None
R7042,decline,Weak
R7042,contribute,Moderate
R7042,explain,Strong
R7042,demonstrate,None
R7042,determinant,None
R7164,twice,None
R7164,improve,Strong
R7164,likelihood,Moderate
R7164,decline,Moderate
R7164,predict,Weak
R7164,due,Strong
R7164,contribute,Strong
R7164,reveal,Weak
R7164,role,Moderate
R7164,confer,Strong
R7164,indicate,Weak
R7164,reduce,Strong
R7164,effective,Strong
R7164,observe,None
R7164,benefit,Strong
R7164,likely,None
R7164,factor,Moderate
R7164,differ,None
R7164,change,Moderate
R7164,risk,Moderate
R7164,response,Moderate
R7164,associate,Weak
R7164,less,None
R7164,appear,None
R7164,correlate,None
R7164,explain,Moderate
R7164,impact,Strong
R7164,attribute,Strong
R7164,enhance,Moderate
R7164,affect,Strong
R7164,marker,Weak
R7164,compare,None
R7164,prevent,Strong
R7164,greater,None
R7164,determinant,Strong
R7164,risk factor,Moderate
R7164,encourage,Moderate
R7164,achieve,Moderate
R7164,trend,Weak
R7164,link,Moderate
R7164,face,Weak
R7164,protect,Strong
R7164,decrease,Strong
R7164,effect,Strong
R7164,better,Weak
R7164,influence,Moderate
R7164,alter,Strong
R7164,maintain,Moderate
R7164,occur,Weak
R7164,elevate,Moderate
R7164,worse,Weak
R7164,present,Weak
R7164,relate,Moderate
R7164,vary,Weak
R7164,produce,Strong
R7164,precede,Moderate
R7164,increase,Strong
R7164,lead,Strong
R7164,lower,Weak
R7164,excess,Moderate
R7164,demonstrate,None
R7164,cause,Strong
R7164,similar,None
R7164,experience,Moderate
R7164,result,Strong
R7164,higher,Weak
R7164,consistent,Weak
R7241,lead,Strong
R7241,associate,None
R7241,twice,Weak
R7241,influence,Strong
R7241,affect,Strong
R7241,effect,Strong
R7241,produce,Strong
R7241,confer,Moderate
R7241,cause,Strong
R7241,likelihood,Moderate
R7241,excess,Weak
R7241,trend,Weak
R7241,vary,None
R7241,link,Strong
R7241,role,Strong
R7241,maintain,Strong
R7241,higher,Moderate
R7241,reduce,Strong
R7241,due,Strong
R7241,present,Moderate
R7241,attribute,Moderate
R7241,risk,Moderate
R7241,impact,Strong
R7241,occur,Weak
R7241,decrease,Moderate
R7241,lower,Weak
R7241,indicate,Weak
R7241,predict,Moderate
R7241,alter,Strong
R7241,protect,Strong
R7241,determinant,Strong
R7241,elevate,Moderate
R7241,change,Strong
R7241,better,Weak
R7241,factor,Moderate
R7241,enhance,Strong
R7241,risk factor,Moderate
R7241,worse,None
R7241,explain,Strong
R7241,less,None
R7241,achieve,None
R7241,greater,Weak
R7241,benefit,Moderate
R7241,reveal,Weak
R7241,demonstrate,Moderate
R7241,prevent,Strong
R7241,contribute,Strong
R7241,decline,Weak
R7241,face,None
R7241,experience,Weak
R7241,correlate,None
R7241,similar,None
R7241,effective,Strong
R7241,precede,None
R7241,marker,Weak
R7241,likely,Moderate
R7241,result,Strong
R7241,differ,Weak
R7241,response,Weak
R7241,consistent,None
R7241,observe,Weak
R7241,relate,Strong
R7241,improve,Moderate
R7241,increase,Weak
R7241,appear,Weak
R7241,encourage,Strong
R7241,compare,None
R7738,confer,Moderate
R7738,prevent,Strong
R7738,attribute,Moderate
R7738,produce,Strong
R7738,risk,Moderate
R7738,occur,None
R7738,increase,Moderate
R7738,consistent,None
R7738,better,Weak
R7738,lower,Moderate
R7738,less,None
R7738,precede,Moderate
R7738,experience,Weak
R7738,effect,Weak
R7738,twice,None
R7738,impact,Moderate
R7738,contribute,Moderate
R7738,improve,Strong
R7738,greater,Moderate
R7738,decrease,Moderate
R7738,appear,Weak
R7738,similar,None
R7738,relate,Weak
R7738,likely,Weak
R7738,compare,None
R7738,associate,Moderate
R7738,affect,Strong
R7738,demonstrate,Moderate
R7738,predict,Moderate
R7738,factor,Weak
R7738,lead,Strong
R7738,reduce,Strong
R7738,effective,Moderate
R7738,trend,Weak
R7738,cause,Strong
R7738,likelihood,Weak
R7738,decline,Moderate
R7738,maintain,None
R7738,response,Weak
R7738,risk factor,Moderate
R7738,role,Moderate
R7738,link,Moderate
R7738,achieve,Moderate
R7738,differ,Weak
R7738,change,None
R7738,protect,Moderate
R7738,enhance,Weak
R7738,encourage,Weak
R7738,face,Weak
R7738,benefit,Moderate
R7738,due,Moderate
R7738,influence,Moderate
R7738,correlate,Weak
R7738,result,Strong
R7738,alter,Moderate
R7738,excess,Moderate
R7738,explain,Strong
R7738,worse,Moderate
R7738,elevate,Moderate
R7738,reveal,Weak
R7738,indicate,Moderate
R7738,present,Weak
R7738,vary,Weak
R7738,marker,Weak
R7738,higher,Weak
R7738,determinant,Strong
R7738,observe,Moderate
R8338,determinant,Strong
R8338,correlate,None
R8338,precede,Moderate
R8338,twice,Weak
R8338,risk factor,Moderate
R8338,relate,None
R8338,attribute,Moderate
R8338,reduce,Weak
R8338,trend,Weak
R8338,observe,None
R8338,appear,Weak
R8338,alter,Moderate
R8338,consistent,None
R8338,increase,Weak
R8338,worse,Weak
R8338,explain,Moderate
R8338,occur,Weak
R8338,role,Moderate
R8338,encourage,Weak
R8338,factor,Moderate
R8338,present,Weak
R8338,confer,Moderate
R8338,excess,Weak
R8338,improve,Weak
R8338,differ,None
R8338,affect,Strong
R8338,response,Weak
R8338,contribute,Moderate
R8338,influence,Moderate
R8338,lead,Moderate
R8338,maintain,Moderate
R8338,prevent,Strong
R8338,result,Moderate
R8338,likelihood,Weak
R8338,risk,Weak
R8338,better,Weak
R8338,impact,Moderate
R8338,decrease,Weak
R8338,vary,None
R8338,produce,Weak
R8338,associate,None
R8338,link,Moderate
R8338,reveal,Weak
R8338,indicate,Weak
R8338,effective,Strong
R8338,effect,Strong
R8338,predict,None
R8338,higher,Weak
R8338,marker,Weak
R8338,elevate,Weak
R8338,greater,Weak
R8338,face,Weak
R8338,lower,Weak
R8338,due,Moderate
R8338,likely,Moderate
R8338,protect,Moderate
R8338,change,None
R8338,benefit,Weak
R8338,decline,Weak
R8338,cause,Strong
R8338,achieve,Weak
R8338,less,Weak
R8338,experience,Weak
R8338,demonstrate,None
R8338,compare,Weak
R8338,similar,Weak
R8338,enhance,Moderate
R8371,improve,Strong
R8371,effect,Strong
R8371,differ,Weak
R8371,likely,Weak
R8371,attribute,Strong
R8371,reduce,Weak
R8371,excess,Moderate
R8371,benefit,Strong
R8371,achieve,Moderate
R8371,marker,None
R8371,lead,Strong
R8371,demonstrate,None
R8371,less,Weak
R8371,due,Strong
R8371,twice,None
R8371,associate,None
R8371,link,None
R8371,face,None
R8371,increase,Moderate
R8371,present,None
R8371,similar,None
R8371,appear,None
R8371,affect,Strong
R8371,likelihood,Moderate
R8371,effective,Moderate
R8371,decline,None
R8371,enhance,Moderate
R8371,maintain,Weak
R8371,consistent,None
R8371,lower,Weak
R8371,predict,Weak
R8371,risk factor,Strong
R8371,better,Weak
R8371,role,Moderate
R8371,reveal,None
R8371,factor,Weak
R8371,relate,Weak
R8371,alter,Weak
R8371,correlate,None
R8371,elevate,Weak
R8371,decrease,Moderate
R8371,experience,Weak
R8371,indicate,None
R8371,determinant,Strong
R8371,greater,None
R8371,result,Strong
R8371,vary,None
R8371,prevent,Strong
R8371,contribute,Strong
R8371,protect,Strong
R8371,observe,None
R8371,influence,Strong
R8371,precede,None
R8371,impact,Strong
R8371,explain,Moderate
R8371,change,Weak
R8371,response,None
R8371,higher,None
R8371,confer,Moderate
R8371,compare,None
R8371,worse,Weak
R8371,occur,None
R8371,produce,Strong
R8371,risk,None
R8371,encourage,Moderate
R8371,cause,Strong
R8371,trend,None
R8763,higher,NA
R8763,alter,NA
R8763,due,NA
R8763,twice,NA
R8763,worse,NA
R8763,risk factor,NA
R8763,lower,NA
R8763,link,NA
R8763,influence,NA
R8763,explain,NA
R8763,better,NA
R8763,trend,NA
R8763,benefit,NA
R8763,face,NA
R8763,decrease,NA
R8763,elevate,NA
R8763,increase,NA
R8763,risk,NA
R8763,prevent,NA
R8763,produce,NA
R8763,encourage,NA
R8763,excess,NA
R8763,protect,NA
R8763,associate,NA
R8763,compare,NA
R8763,enhance,NA
R8763,greater,NA
R8763,vary,NA
R8763,factor,NA
R8763,attribute,NA
R8763,cause,NA
R8763,effect,NA
R8763,likelihood,NA
R8763,predict,NA
R8763,less,NA
R8763,experience,NA
R8763,relate,NA
R8763,consistent,NA
R8763,correlate,NA
R8763,marker,NA
R8763,affect,NA
R8763,determinant,NA
R8763,confer,NA
R8763,maintain,NA
R8763,result,NA
R8763,response,NA
R8763,similar,NA
R8763,present,NA
R8763,effective,NA
R8763,contribute,NA
R8763,precede,NA
R8763,reduce,NA
R8763,change,NA
R8763,reveal,NA
R8763,differ,NA
R8763,lead,NA
R8763,indicate,NA
R8763,improve,NA
R8763,achieve,NA
R8763,appear,NA
R8763,occur,NA
R8763,role,NA
R8763,decline,NA
R8763,observe,NA
R8763,likely,NA
R8763,impact,NA
R8763,demonstrate,NA
R8843,result,Weak
R8843,determinant,Weak
R8843,likely,Moderate
R8843,twice,Moderate
R8843,factor,Weak
R8843,elevate,Moderate
R8843,indicate,Weak
R8843,benefit,Weak
R8843,trend,Weak
R8843,effective,Moderate
R8843,change,Weak
R8843,greater,Moderate
R8843,observe,Weak
R8843,impact,Moderate
R8843,due,Weak
R8843,improve,Weak
R8843,worse,Weak
R8843,appear,Weak
R8843,protect,Weak
R8843,role,Weak
R8843,vary,Weak
R8843,correlate,Moderate
R8843,experience,Weak
R8843,attribute,Moderate
R8843,decrease,Weak
R8843,influence,Weak
R8843,consistent,Moderate
R8843,enhance,Moderate
R8843,reveal,Weak
R8843,alter,Weak
R8843,marker,Weak
R8843,cause,Moderate
R8843,effect,Moderate
R8843,relate,Moderate
R8843,associate,Strong
R8843,less,Weak
R8843,reduce,Weak
R8843,similar,Weak
R8843,response,Weak
R8843,encourage,None
R8843,achieve,None
R8843,explain,Weak
R8843,produce,Weak
R8843,increase,Moderate
R8843,lead,Weak
R8843,demonstrate,Moderate
R8843,precede,Weak
R8843,lower,Moderate
R8843,maintain,Weak
R8843,risk factor,Moderate
R8843,occur,Weak
R8843,face,Weak
R8843,differ,Weak
R8843,likelihood,Strong
R8843,higher,Moderate
R8843,present,Weak
R8843,compare,Weak
R8843,affect,Weak
R8843,decline,Moderate
R8843,risk,Strong
R8843,link,Weak
R8843,excess,Strong
R8843,better,Weak
R8843,confer,Weak
R8843,contribute,Moderate
R8843,predict,Moderate
R8843,prevent,Moderate
R9025,attribute,Moderate
R9025,elevate,Moderate
R9025,demonstrate,Weak
R9025,occur,None
R9025,face,None
R9025,risk factor,Moderate
R9025,maintain,None
R9025,enhance,Weak
R9025,effect,Weak
R9025,produce,Moderate
R9025,vary,None
R9025,determinant,None
R9025,precede,Weak
R9025,risk,Moderate
R9025,similar,None
R9025,compare,Weak
R9025,lead,Moderate
R9025,role,Weak
R9025,protect,Strong
R9025,likelihood,Moderate
R9025,achieve,Moderate
R9025,affect,Moderate
R9025,cause,Strong
R9025,indicate,Moderate
R9025,greater,Moderate
R9025,change,Weak
R9025,appear,None
R9025,decrease,Moderate
R9025,higher,Moderate
R9025,present,None
R9025,trend,Weak
R9025,observe,Weak
R9025,reduce,Moderate
R9025,correlate,None
R9025,influence,Weak
R9025,associate,None
R9025,response,Weak
R9025,effective,Strong
R9025,benefit,Strong
R9025,impact,Strong
R9025,excess,Strong
R9025,due,Weak
R9025,link,Moderate
R9025,contribute,Strong
R9025,consistent,None
R9025,decline,Weak
R9025,relate,Weak
R9025,lower,Moderate
R9025,factor,Moderate
R9025,reveal,Strong
R9025,twice,None
R9025,worse,Moderate
R9025,prevent,Strong
R9025,alter,Moderate
R9025,explain,Strong
R9025,better,Weak
R9025,encourage,Moderate
R9025,marker,Moderate
R9025,confer,Strong
R9025,likely,Weak
R9025,result,Weak
R9025,less,Weak
R9025,differ,Moderate
R9025,predict,Moderate
R9025,experience,Weak
R9025,increase,Weak
R9025,improve,Moderate
R9042,alter,None
R9042,appear,None
R9042,increase,Weak
R9042,determinant,Moderate
R9042,enhance,Weak
R9042,risk factor,Moderate
R9042,greater,None
R9042,precede,Moderate
R9042,elevate,Weak
R9042,face,Weak
R9042,marker,Moderate
R9042,twice,None
R9042,occur,Weak
R9042,similar,Weak
R9042,better,None
R9042,confer,Moderate
R9042,contribute,Moderate
R9042,demonstrate,Strong
R9042,affect,Moderate
R9042,likelihood,Moderate
R9042,reveal,Moderate
R9042,effective,Moderate
R9042,attribute,Moderate
R9042,achieve,Moderate
R9042,effect,Strong
R9042,compare,Weak
R9042,indicate,Moderate
R9042,consistent,Moderate
R9042,likely,Moderate
R9042,maintain,Moderate
R9042,produce,Strong
R9042,encourage,Moderate
R9042,correlate,Weak
R9042,change,Moderate
R9042,vary,Moderate
R9042,improve,Moderate
R9042,associate,Moderate
R9042,worse,None
R9042,differ,None
R9042,role,Moderate
R9042,due,Moderate
R9042,lower,Weak
R9042,observe,Weak
R9042,experience,Weak
R9042,relate,Moderate
R9042,decline,Weak
R9042,result,Strong
R9042,explain,Strong
R9042,higher,Weak
R9042,prevent,Moderate
R9042,protect,Strong
R9042,reduce,Weak
R9042,risk,Moderate
R9042,trend,Weak
R9042,response,Weak
R9042,influence,Moderate
R9042,less,Weak
R9042,predict,Moderate
R9042,benefit,Moderate
R9042,excess,Moderate
R9042,factor,Moderate
R9042,decrease,Weak
R9042,impact,Strong
R9042,cause,Strong
R9042,lead,Strong
R9042,present,Weak
R9042,link,Moderate
R9217,likelihood,Weak
R9217,appear,None
R9217,benefit,Strong
R9217,predict,None
R9217,determinant,Moderate
R9217,role,Strong
R9217,occur,None
R9217,less,None
R9217,vary,None
R9217,due,Strong
R9217,observe,None
R9217,similar,None
R9217,maintain,Moderate
R9217,trend,Weak
R9217,encourage,Moderate
R9217,experience,None
R9217,twice,None
R9217,affect,Strong
R9217,improve,Strong
R9217,increase,Weak
R9217,relate,Weak
R9217,present,None
R9217,consistent,Weak
R9217,precede,Weak
R9217,factor,Weak
R9217,result,Moderate
R9217,differ,None
R9217,likely,None
R9217,correlate,None
R9217,link,Weak
R9217,worse,None
R9217,better,None
R9217,effective,Strong
R9217,impact,Strong
R9217,prevent,Strong
R9217,risk factor,None
R9217,cause,Strong
R9217,explain,Weak
R9217,decline,None
R9217,reveal,Weak
R9217,change,None
R9217,face,Weak
R9217,confer,Moderate
R9217,demonstrate,None
R9217,associate,None
R9217,decrease,Weak
R9217,greater,None
R9217,indicate,None
R9217,elevate,Weak
R9217,reduce,Moderate
R9217,marker,None
R9217,lead,Strong
R9217,risk,None
R9217,protect,Strong
R9217,influence,Strong
R9217,compare,None
R9217,effect,Strong
R9217,produce,Strong
R9217,attribute,Moderate
R9217,lower,Moderate
R9217,higher,Moderate
R9217,achieve,Strong
R9217,excess,None
R9217,alter,Moderate
R9217,contribute,Strong
R9217,enhance,Moderate
R9217,response,Moderate
R9220,prevent,Strong
R9220,risk factor,Moderate
R9220,excess,Moderate
R9220,marker,Weak
R9220,risk,Weak
R9220,effect,Strong
R9220,occur,None
R9220,correlate,Weak
R9220,due,Strong
R9220,reduce,Strong
R9220,attribute,Strong
R9220,present,None
R9220,higher,None
R9220,lower,None
R9220,relate,Weak
R9220,better,None
R9220,predict,Weak
R9220,result,Strong
R9220,worse,Weak
R9220,demonstrate,None
R9220,less,None
R9220,confer,Strong
R9220,impact,Strong
R9220,influence,Strong
R9220,determinant,Moderate
R9220,alter,Strong
R9220,experience,Weak
R9220,greater,None
R9220,role,Moderate
R9220,observe,None
R9220,reveal,None
R9220,explain,Weak
R9220,encourage,Strong
R9220,improve,Weak
R9220,effective,Strong
R9220,twice,None
R9220,link,Moderate
R9220,likelihood,Weak
R9220,factor,Weak
R9220,increase,Moderate
R9220,decrease,Moderate
R9220,indicate,Weak
R9220,compare,None
R9220,decline,Weak
R9220,similar,None
R9220,precede,Weak
R9220,associate,Weak
R9220,elevate,None
R9220,affect,Strong
R9220,appear,None
R9220,response,Strong
R9220,maintain,None
R9220,enhance,Moderate
R9220,achieve,Weak
R9220,consistent,Weak
R9220,likely,None
R9220,trend,None
R9220,benefit,Strong
R9220,cause,Strong
R9220,protect,Strong
R9220,contribute,Moderate
R9220,produce,Strong
R9220,lead,Moderate
R9220,face,Moderate
R9220,change,Strong
R9220,differ,None
R9220,vary,Moderate
